Season,Episode,Date,Title,Rating,Review Count,Synopsis
S1,Ep1,6 Nov. 2001,12:00 a.m.-1:00 a.m.,8.2,"3,044",Jack Bauer is called to his office because there's a threat on the life of a US Senator who's running for President; Jack also discovers that his daughter has skipped out her bedroom window.
S1,Ep2,13 Nov. 2001,1:00 a.m.-2:00 a.m.,8.2,"2,284",An assassin has stolen the ID of a photographer scheduled to meet a presidential candidate; Jack's wife searches for their daughter; Jack gets more evidence of a rogue within his unit.
S1,Ep3,20 Nov. 2001,2:00 a.m.-3:00 a.m.,8.1,"2,118",Jack thinks he's identified the mole inside CTU. Kim and Janet realize they are being kidnapped and try to escape. Palmer orders an employee to get dirt on a reporter who might jeopardize his campaign. Ira Gaines' plans come to a halt when he must renegotiate with a conspirator.
S1,Ep4,27 Nov. 2001,3:00 a.m.-4:00 a.m.,8.1,"2,001",District Director George Mason (Berkely) shuts down CTU forcing Jack to escape in order to follow up on a lead on a conspirator. Nina and Jamie try to cover for him. Palmer discovers how a reporter found out about Keith. Jack finally learns that Kim and Janet have been kidnapped.
S1,Ep5,11 Dec. 2001,4:00 a.m.-5:00 a.m.,8.1,"1,905",Jack follows the arrested conspirator to the police station in order to get more info on Kim's whereabouts. Palmer meets with a reporter who has some damaging information. Kim realizes just how dangerous Ira Gaines really is.
S1,Ep6,18 Dec. 2001,5:00 a.m.-6:00 a.m.,8.4,"1,931",Jack meets up with Teri at the hospital where they wait to talk to Janet about Kim. Palmer confronts his family about the cover up.
S1,Ep7,8 Jan. 2002,6:00 a.m.-7:00 a.m.,8.5,"1,912",Jack returns to CTU to switch the key card with a fake per Gaines' orders. Palmer tries to convince Keith and Sherry to go public about the murder.
S1,Ep8,15 Jan. 2002,7:00 a.m.-8:00 a.m.,8.6,"1,874",Jack delivers the briefcase to the assassin at Palmer's press conference. Palmer wants to let the press know what happened with Keith and the murder.
S1,Ep9,22 Jan. 2002,8:00 a.m.-9:00 a.m.,8.3,"1,812",Jack is taken into custody by the Secret Service after he stops the assassination. He quickly escapes in order to check on another name from the key card. Palmer tries to deal with the assassination attempt.
S1,Ep10,5 Feb. 2002,9:00 a.m.-10:00 a.m.,8.1,"1,909",Jack is on the run after escaping custody and rushes to intercept Ted Cofell before he leaves the city. Nina receives a phone call from Teri and tries to trace the call. Palmer still wants to go ahead with the press conference despite objections. Alberta Green temporarily takes over as Director of CTU.
S1,Ep11,12 Feb. 2002,10:00 a.m.-11:00 a.m.,8.4,"1,776","Jack takes Ted Cofell hostage after finding his name on the key-card and tries to get whatever info he has about the conspiracy which only amounts to the name of another conspirator, a one Kevin Carroll. Palmer starts to piece together his connection to Jack. Gaines receives orders to kill Teri and Kim from his boss Andre Drazen."
S1,Ep12,19 Feb. 2002,11:00 a.m.-12:00 p.m.,8.6,"1,795","Jack closes in on his family's location; a suspicious Green confronts Nina and Tony, and separates them for interrogation; Palmer learns just how far his backers are willing to go."
S1,Ep13,26 Feb. 2002,12:00 p.m.-1:00 p.m.,8.4,"1,746",Jack has a final confrontation with Gaines as a CTU chopper heads to the compound. Nina and Tony talk to Jamey's mother in order to learn why she was helping the assassins. Carl Webb threatens Palmer to keep quiet about the murder once and for all. CTU learns that more assassins are on their way to LA.
S1,Ep14,5 Mar. 2002,1:00 p.m.-2:00 p.m.,8.0,"1,697",Director Green and Regional Director Ryan Chappelle question Jack about the day's events. Nina takes Kim and Teri to a safe house after getting them medical attention. Palmer wants a meeting with Jack.
S1,Ep15,12 Mar. 2002,2:00 p.m.-3:00 p.m.,8.1,"1,708",Palmer and Jack finally meet for the first time and discuss Operation Nightfall. Nina talks to Teri about her and Jack's past relationship after they reach the safehouse.
S1,Ep16,19 Mar. 2002,3:00 p.m.-4:00 p.m.,7.9,"1,697","After handing out photos of all the assassins, Jack and Mason discover that one of Palmer's campaign staff is in a romantic relationship with Alexis Drazen. Teri and Kim are attacked in the safehouse. Keith confronts Carl Webb about the cover-up."
S1,Ep17,26 Mar. 2002,4:00 p.m.-5:00 p.m.,8.1,"1,677",Jack and Mason use Palmer's campaign staffer Elizabeth Nash in a sting against Alexis Drazen which backfires badly on them. Kim makes a run for Rick's house after getting separated from Teri following the attack.
S1,Ep18,2 Apr. 2002,5:00 p.m.-6:00 p.m.,8.0,"1,637","Jack poses as Alexis Drazen and goes to meet a contact who has vital information. However, a CTU agent with a grudge against Jack might risk the success of the mission. Dr. Parslow takes Teri back to the Bauer house."
S1,Ep19,9 Apr. 2002,6:00 p.m.-7:00 p.m.,8.2,"1,656",Jack and Mason search for location of the address found in Victor Drazen's confidential file. Palmer finally lets the press know about Keith's past. One of Drazen's goons closes in on Teri; Kim is arrested after the police raid Rick's house.
S1,Ep20,16 Apr. 2002,7:00 p.m.-8:00 p.m.,8.5,"1,663",Jack discovers a top secret detention center houses someone from his past. Tony takes Teri back to CTU as Kim finds herself in jail. Andre Drazen and his soldiers raid the detention center.
S1,Ep21,23 Apr. 2002,8:00 p.m.-9:00 p.m.,8.2,"1,622",Jack is captured by Victor Drazen and Andre when they escape the detention center. Palmer learns he is dominating the California polls. Drazen's men capture Kim after she is released from jail.
S1,Ep22,7 May 2002,9:00 p.m.-10:00 p.m.,8.2,"1,623",In order to buy himself more time Jack puts Victor and Andre in contact via Mason with a hospitalized Alexis Drazen. Palmer becomes involved with a campaign staffer. Tony and Nina learn that Kim has been recaptured.
S1,Ep23,14 May 2002,10:00 p.m.-11:00 p.m.,8.8,"1,764",Jack delivers a cell phone that is unknowingly rigged to explode to Palmer. Kim manages to escape. The identity of the real mole inside CTU is exposed.
S1,Ep24,21 May 2002,11:00 p.m.-12:00 a.m.,9.3,"2,460","After being falsely informed his daughter has been killed, the enraged Jack Bauer goes to the dock to kill the Drazens whilst the traitor at CTU tries to make a quick escape."
S2,Ep1,29 Oct. 2002,Day 2: 8:00 a.m.-9:00 a.m.,8.2,"1,735","Retired federal agent Jack Bauer is pulled back into field work after CTU learns of an impending nuclear attack in Los Angeles, while Kim's new job as a nanny takes an unexpected turn for the worse."
S2,Ep2,5 Nov. 2002,Day 2: 9:00 a.m.-10:00 a.m.,8.0,"1,525","Jack goes undercover to find Joseph Wald, where he learns that CTU is going to be bombed. While Kim tries to save Meghan from her abusive father, Gary. Kate Warner becomes suspicious of sister's Middle-Eastern fianc√©."
S2,Ep3,12 Nov. 2002,Day 2: 10:00 a.m.-11:00 a.m.,8.6,"1,528",Jack sends out a warning that CTU is the target of a terrorist attack. Director Mason leaves CTU to personally check up on a lead on the nuclear bomb's location.
S2,Ep4,19 Nov. 2002,Day 2: 11:00 a.m.-12:00 p.m.,8.5,"1,484",CTU is attacked and faces serious casualties. Jack discovers who gave Joseph Wald the schematics for CTU. President Palmer fires Rayburn after Kresge tells him about the 30-minute gap between Jack's warning and the bomb explosion.
S2,Ep5,26 Nov. 2002,Day 2: 12:00 p.m.-1:00 p.m.,8.1,"1,450",Mason and Jack make preparations to interrogate an old enemy who gave the terrorists access to CTU. Tony goes to the Warner household to check up on Reza's possible connection to Syed Ali.
S2,Ep6,3 Dec. 2002,Day 2: 1:00 p.m.-2:00 p.m.,8.3,"1,444",Jack takes charge of the Nina Meyers interrogation. Sherry returns with information on the conspiracy against President Palmer.
S2,Ep7,10 Dec. 2002,Day 2: 2:00 p.m.-3:00 p.m.,8.5,"1,461","Jack boards a plane with Nina Meyers and several FBI agents because they have to meet a contact in Visalia,California who has info on the bomb's location. Nina tries to escape after meeting the contact. President Palmer and Mike Novick try to ascertain NSA Director Stanton's loyalty. Mason tries to make contact with his estranged son. Tony takes Bob Warner and Reza to CTU for further questioning."
S2,Ep8,17 Dec. 2002,Day 2: 3:00 p.m.-4:00 p.m.,8.3,"1,432",Jack and Nina try to get more information out of her contact on the way back to LA. Tony learns of Bob Warner's status as a CIA contractor. Stanton expresses concerns about Sherry's presence as she tries to make a deal with a detained reporter.
S2,Ep9,7 Jan. 2003,Day 2: 4:00 p.m.-5:00 p.m.,8.7,"1,466",The plane carrying Jack and Nina is shot down and together they must fight off a group of soldiers. Mason plays Bob Warner against Reza to find out which one working with the terrorists. Kate Warner is captured and interrogated by Syed Ali. Mason reveals the truth of his condition to Tony.
S2,Ep10,14 Jan. 2003,Day 2: 5:00 p.m.-6:00 p.m.,8.7,"1,445","Jack is captured by Nina Meyers and used as leverage in an attempt to get a presidential pardon. President Palmer learns the identity of one of the conspirators in his administration. After being set free, Reza learns the identity of the person who set him up when he goes to get incriminating evidence on Bob. Jack begins to suspect the soldiers who shot him down were with the NSA as he heads to capture Syed Ali."
S2,Ep11,4 Feb. 2003,Day 2: 6:00 p.m.-7:00 p.m.,8.3,"1,419",Kate Warner leads Jack on mission to locate and id Syed Ali. President Palmer places Stanton under arrest and makes an out of character decision on how to handle the interrogation. CTU discovers that Marie killed Reza and the two agents trailing him.
S2,Ep12,11 Feb. 2003,Day 2: 7:00 p.m.-8:00 p.m.,8.7,"1,453",Jack tries to get information out of Syed Ali. Mason gets Bob Warner to reveal some previously classified history on Marie that paints Reza's murder in a new light. Lynne Kresge becomes suspicious of Sherry.
S2,Ep13,18 Feb. 2003,Day 2: 8:00 p.m.-9:00 p.m.,8.4,"1,413",Jack discovers the bodies of six additional Coral Snake Commandos as a Tactical Team gets closer to the bomb's location. Division sends in Brad Hammond to look into CTU LA's situation. Stanton finally reveals that he has known about the bomb all along and allowed it be smuggled into the country.
S2,Ep14,25 Feb. 2003,Day 2: 9:00 p.m.-10:00 p.m.,8.4,"1,411",Jack and Kate try to get Marie to reveal the exact location of the bomb in the airfield. Mason steps down as Director after his condition worsens. President Palmer confronts Sherry.
S2,Ep15,4 Mar. 2003,Day 2: 10:00 p.m.-11:00 p.m.,9.1,"1,812",Jack must deal with the nuclear bomb at the airport. CTU discovers a recording implicating that Sayed Ali is supported by three presidents of Middle-Eastern countries.
S2,Ep16,25 Mar. 2003,Day 2: 11:00 p.m.-12:00 a.m.,8.3,"1,408","Jack gets back to CTU after the bomb exploded. The situation there is tense since Tony became head of the Unit, especially when a key witness is assassinated. President Palmer and his staff prepare a retaliation on the three countries involved with Ali."
S2,Ep17,1 Apr. 2003,Day 2: 12:00 a.m.-1:00 a.m.,8.0,"1,378",Jack and Kate leave CTU to meet with the lone surviving member of the Coral Snake Commandos who says he has evidence that the tape is fake. President Palmer wants to wait and see what Jack finds out before launching a retaliatory strike.
S2,Ep18,8 Apr. 2003,Day 2: 1:00 a.m.-2:00 a.m.,8.5,"1,398","Jack, Kate, and Yousef try to get Wallace to a hospital after he gets shot by unknown assailants. President Palmer tries to deal with civil unrest as Muslim communities across the country are targeted."
S2,Ep19,15 Apr. 2003,Day 2: 2:00 a.m.-3:00 a.m.,8.3,"1,413",Jack is captured by a group of men working for an oil magnate named Peter Kingsley who's looking to capitalize on the coming war. Lynne Kresge discovers that Vice-President Prescott is planning on seizing the presidency by way of the 25th Amendment. President Palmer deals with some increasingly impatient Joint Chiefs of Staff. Kate and Yusef are attacked by angry American citizens when they try to get the chip behind the Ali recording back to CTU.
S2,Ep20,22 Apr. 2003,Day 2: 3:00 a.m.-4:00 a.m.,8.5,"1,416",Jack tries to escape from the Kingsley's men after being tortured. Lynn Kresge tries to warn President Palmer about VP Prescott. Regional Director Ryan Chappelle returns to CTU and exerts his authority. Kate tries to retrieve the stolen computer chip. President Palmer begins to suspect something is wrong when Prescott won't return his phone calls.
S2,Ep21,29 Apr. 2003,Day 2: 4:00 a.m.-5:00 a.m.,8.6,"1,407",After saving Kate from her attackers Jack heads to meet Alex Hewitt who may be the person who designed the computer chip. President Palmer's ability to the run the country is questioned when the Vice-President and members of the cabinet invoke the 25th Amendment.
S2,Ep22,6 May 2003,Day 2: 5:00 a.m.-6:00 a.m.,8.6,"1,382",Jack discovers that Shery Palmer is somehow involved in the conspiracy when he tries to talk to Alex Hewitt. Tony and Michelle make a critical decision on how to handle the Chappelle situation.
S2,Ep23,13 May 2003,Day 2: 6:00 a.m.-7:00 a.m.,8.6,"1,406",Jack has Sherry contact Peter Kingsley who turns out to be the mastermind behind the tape. Mike Novick realizes that he has made a huge error in judgment in supporting Prescott. Deputy Regional Director Brad Hammond places Tony and Michelle under arrest.
S2,Ep24,20 May 2003,Day 2: 7:00 a.m.-8:00 a.m.,9.0,"1,692","Jack and Sherry head to LA Coliseum to meet Peter Kingsley. Upon hearing evidence via the live audio feed, President Prescott aborts the air strike. David Palmer is reinstated as President, and speaks to the nation about the nuclear bomb."
S3,Ep1,28 Oct. 2003,Day 3: 1:00 p.m.-2:00 p.m.,8.0,"1,516",Three years later; CTU receives a threat that Mexican drug lord Hector Salazar is planning on releasing a deadly contagious virus in LA unless Jack gets his brother Ramone Salazar out of prison. President Palmer prepares for a presidential debate with Senator John Keeler.
S3,Ep2,4 Nov. 2003,Day 3: 2:00 p.m.-3:00 p.m.,7.9,"1,329",After Goss' infected body is dropped at the hospital Jack and Chase begin to trace his last known locations while CTU tries to figure out how the virus is gonna be unleashed to the public at large. Once they figure out it's gonna be spread through cocaine shipments CTU begins to track down drug dealers in East LA. President Palmer considers canceling the debate.
S3,Ep3,11 Nov. 2003,Day 3: 3:00 p.m.-4:00 p.m.,8.3,"1,316",Tony and one of Salazar's cronies close in on a young drug trafficker who may be unknowingly carrying the virus. Jack informs Kyle Singer's parents that he may be infected. Wayne becomes concerned over David's latest affair when he learns the woman's ex-husband will perjure himself over sworn testimony he gave years earlier unless the President pays him not to.
S3,Ep4,18 Nov. 2003,Day 3: 4:00 p.m.-5:00 p.m.,8.3,"1,317",In order to get Ramon out of prison Jack asks for President Palmer's permission to instigate a prison riot. Michelle takes over command of CTU after Tony is injured. Chase disobeys orders and fiercely interrogates Ramon as Jack puts his plan into motion. President Palmer has Wayne call off the meeting with Anne's ex-husband. Drug dealer Kyle Singer is captured by Salazar's men.
S3,Ep5,25 Nov. 2003,Day 3: 5:00 p.m.-6:00 p.m.,8.4,"1,297","Jack and Ramon are captured by dangerous prison inmates after trying to escape. President Palmer begins his debate with Senator Keeler. At CTU, Chloe O'Brian discovers evidence of Jack's heroin addiction."
S3,Ep6,2 Dec. 2003,Day 3: 6:00 p.m.-7:00 p.m.,8.2,"1,289",Jack and Ramon try evade military helicopters when they make a run for a plane scheduled to leave for Mexico. Palmer cancels the debate. Kyle Singer learns that he is not infected with the virus. Kim discovers that Gael Ortega might be working with the Salazars.
S3,Ep7,9 Dec. 2003,Day 3: 7:00 p.m.-8:00 p.m.,8.6,"1,310",Ramon holds Jack hostage as they fly down to Mexico. Regional Director Chappelle interrogates Gael; Tony returns prematurely to CTU to reveal Gael's true allegiance. Chase disobeys orders and heads for Mexico to rescue Jack.
S3,Ep8,16 Dec. 2003,Day 3: 8:00 p.m.-9:00 p.m.,8.3,"1,267",Jack tries to regain the Salazars' trust when they make it to Mexico. President Palmer is angry with Tony over being left out of a secret operation. Chase is captured by Salazar's men.
S3,Ep9,6 Jan. 2004,Day 3: 9:00 p.m.-10:00 p.m.,8.1,"1,256",A snag in the sale of the virus leads the Salazars to question Jack's motivations and as a result they put his allegiances to the test. Claudia works to help Chase escape after Jack informs her of his real priorities. Tony's ability to run CTU is called into question. Palmer is put into a difficult position regarding his brother.
S3,Ep10,13 Jan. 2004,Day 3: 10:00 p.m.-11:00 p.m.,8.3,"1,256","In order to get closer to the virus, Jack tries to make Nina believe he still has feelings for her. Wayne tries to gain the trust of Julia Milliken when Alan Milliken starts making demands. Chase convinces Salazar's girlfriend to help him escape."
S3,Ep11,27 Jan. 2004,Day 3: 11:00 p.m.-12:00 a.m.,8.2,"1,242","Jack and Nina prepare to meet with Amador, the man selling the virus; CTU organizes an ambush. Ramon and Hector have a falling out. President Palmer asks his ex wife Sherry to help with the Milliken situation."
S3,Ep12,3 Feb. 2004,Day 3: 12:00 a.m.-1:00 a.m.,8.5,"1,255",Jack and Nina are double-crossed when Ramon steals the virus during the exchange with Amador. Sherry gains a short-lived advantage in dealing with Alan Milliken.
S3,Ep13,10 Feb. 2004,Day 3: 1:00 a.m.-2:00 a.m.,8.5,"1,257",Nina releases a deadly computer virus into CTU's systems after getting captured by Jack and Chase. Sherry runs out of options and decides to directly confront Alan Milliken but things go too far. Chloe and the rest of the tech crew work overtime to combat the virus.
S3,Ep14,17 Feb. 2004,Day 3: 2:00 a.m.-3:00 a.m.,8.7,"1,311",Regional Director Chappelle forces Jack to undergo a medical evaluation for his heroin addiction. Tony interrogates Nina Meyers. Julia Milliken confronts Sherry after Alan dies while Wayne and President Palmer prepare for the fallout. Nina tries to escape custody after collapsing during the interrogation.
S3,Ep15,24 Feb. 2004,Day 3: 3:00 a.m.-4:00 a.m.,8.4,"1,249",Amador and his people receive orders from their client to release the virus in the Chandler Plaza Hotel. Jack closes in on Amador but it's too late. Michelle and Gael alert the Chandler's Chief of Security to the dangers of the threat.
S3,Ep16,30 Mar. 2004,Day 3: 4:00 a.m.-5:00 a.m.,8.7,"1,270","After the interrogation goes nowhere, Jack and Chase let Amador escape hoping he will lead them to his client's location. Michelle places the hotel under quarantine and must make a difficult decision in how to handle the ensuing panic. President Palmer is put into a awkward position when handling the Milliken situation."
S3,Ep17,6 Apr. 2004,Day 3: 5:00 a.m.-6:00 a.m.,8.6,"1,262",President Palmer gives into Stephen Saunders's strange demand of placing an seemingly nondescript phrase into a speech in the hopes of delaying another viral outbreak. Michelle takes control of the situation inside the hotel. Jack and Chase bring a suspect to the local branch of MI-6 as Saunders launches an attack on the building.
S3,Ep18,18 Apr. 2004,Day 3: 6:00 a.m.-7:00 a.m.,9.1,"1,587",Jack has to comply with another one of Saunders' demands: the death of Regional Director Ryan Chappelle. Michelle discovers that one of the infected hotel patrons got out before the quarantine was enforced.
S3,Ep19,20 Apr. 2004,Day 3: 7:00 a.m.-8:00 a.m.,8.4,"1,244",When CTU learns that Saunders has a daughter attending an LA university they must inform Jack the only match for a bait and switch operation is Kim Bauer. Chase tracks down the man who escaped the hotel quarantine. Palmer informs his cabinet on the dangers of the threat.
S3,Ep20,27 Apr. 2004,Day 3: 8:00 a.m.-9:00 a.m.,8.4,"1,214",Jack works on using Saunders' daughter in an attempt to gain control of the virus. Michelle waits to find out if she's infected. Palmer navigates around a angry and confused press. Saunders starts making demands on Tony.
S3,Ep21,4 May 2004,Day 3: 9:00 a.m.-10:00 a.m.,8.4,"1,238",Tony works covertly to find a way to get Jane Saunders out of CTU and deliver her to Saunders before Jack and Chase find him. Senator Keeler receives some damaging information on President Palmer from a surprising source.
S3,Ep22,11 May 2004,Day 3: 10:00 a.m.-11:00 a.m.,8.8,"1,283",Jack and Tony clash as they wait for the time of hostage exchange with Saunders. Senator Keeler confronts President Palmer about the Milliken cover-up while Wayne initiates a secret operation against Sherry.
S3,Ep23,18 May 2004,Day 3: 11:00 a.m.-12:00 p.m.,8.7,"1,273",Jack and Chase try to track down the location of vials containing the virus. Wayne breaks into Sherry's house to get incriminating evidence as a paranoid Julia Milliken confronts Sherry.
S3,Ep24,25 May 2004,Day 3: 12:00 p.m.-1:00 p.m.,8.9,"1,426",Jack and Chase corner Saunders' henchman Arthur Rabens in an active public school. Tony faces losing command of CTU and treason charges for saving Michelle. An emotionally broken President Palmer decides to drop out of the race for reelection.
S4,Ep0,7 Dec. 2004,Season 4 Prequel,8.0,726,"In the closing moments of Day 3, Jack Bauer gets into his car and breaks down in tears after everything he has endured. He gets a call to report back to CTU, and, after a moment, acknowledges and drives away."
S4,Ep1,9 Jan. 2005,Day 4: 7:00 a.m.-8:00 a.m.,8.3,"1,389","A train collides with a truck filled with explosives. A man is shot. Over the phone, Jack Bauer hears the screams of his kidnapped sweetheart."
S4,Ep2,9 Jan. 2005,Day 4: 8:00 a.m.-9:00 a.m.,8.0,"1,251","Jack is in trouble with his supervisor, and he's on the trail of a killer."
S4,Ep3,10 Jan. 2005,Day 4: 9:00 a.m.-10:00 a.m.,8.0,"1,210",Jack trails a suspect while his supervisor has ordered C.T.U. to bring both of them in.
S4,Ep4,10 Jan. 2005,Day 4: 10:00 a.m.-11:00 a.m.,8.1,"1,220",Jack creates a faux-hostage crisis in a convenience store trapping Kalil and several innocent bystanders to buy Chloe more time to get the surveillance satellite working properly. Dina murders Behrooz's girlfriend after she becomes suspicious. Audrey and Secretary Heller try to escape.
S4,Ep5,17 Jan. 2005,Day 4: 11:00 a.m.-12:00 p.m.,8.1,"1,206","Jack and Director Driscoll agree to a truce and work together after the police make a mistake in handling the Kalil situation, which means that Jack also has to find a new lead. The terrorists begin to threaten Audrey unless Heller confesses to ""war crimes"" on camera in an hour."
S4,Ep6,24 Jan. 2005,Day 4: 12:00 p.m.-1:00 p.m.,8.5,"1,216",Jack initiates a fierce gun battle with the terrorists as he races to rescue Audrey and Secretary Heller before the military strike. Dina is shocked to learn that Navi and Marwan plan to have Behrooz killed. Secretary Heller learns his son is a suspect and allows the interrogation to continue. Curtis Manning learns that the briefcase stolen from the train bombing contains a Dobson Override that could potentially give terrorists control of America's 104 nuclear plants.
S4,Ep7,31 Jan. 2005,Day 4: 1:00 p.m.-2:00 p.m.,8.4,"1,179","Jack takes Audrey into the field in order to ID a suspect she recognizes from the compound, but the terrorists learn where they are and pin them down. Jack calls on an old friend to escape. Dina tries to get to Behrooz before Navi does. Edgar Stiles works overtime to get back control of 87 to 98 nuclear plants by taking their systems off-line before the Override gets to them."
S4,Ep8,7 Feb. 2005,Day 4: 2:00 p.m.-3:00 p.m.,8.4,"1,182","Jack and Audrey hide out with Tony Almeida after escaping from the terrorists and learn the man they are looking for is an employee for McClennan-Forrester. Behrooz takes Dina to the hospital to get medical attention. President Keeler orders six cities to be evacuated. Secretary Heller tries to flush out the mole in CTU, but the evidence points in the wrong direction."
S4,Ep9,14 Feb. 2005,Day 4: 3:00 p.m.-4:00 p.m.,8.3,"1,150",Jack and Tony stumble on to Dina and Behrooz's trail after a key suspect has been assassinated. Edgar tries all he can to get his mother out of the fallout zone of the San Gabriel Island nuclear power station. Driscoll and Curtis cover their tracks following the revelation about Marianne. Navi closes in on Behrooz when he tries to get medication for Dina.
S4,Ep10,21 Feb. 2005,Day 4: 4:00 p.m.-5:00 p.m.,8.0,"1,154","Jack races to save Behrooz from his father when the situation turns into a hostage crisis. Dina points Jack and Tony to a safe-house where they find evidence that points to Paul Raines' involvement with the terrorists. Marianne leads Curtis to a computer that contains info on the terrorists, but Curtis feels like it could be a trap."
S4,Ep11,28 Feb. 2005,Day 4: 5:00 p.m.-6:00 p.m.,8.4,"1,160","After finding out that Audrey's husband, Paul Raines, may have information about the override, Jack decides it's time for some ""shock treatment"". The lead that Curtis was following up on at the Rockland Building proves to be vital, just as the remaining 5 nuclear reactors prepare to meltdown. Meanwhile, Tony does some interrogating of his own, and Driscoll deals with devastating news."
S4,Ep12,7 Mar. 2005,Day 4: 6:00 p.m.-7:00 p.m.,8.2,"1,165","Jack and Paul Raines visit the corporate headquarters of McLennan-Forster, the defense contractor that employed Marwan. The company executives activate an EMP bomb to destroy incriminating evidence in order to protect themselves. Tony is given temporary command of CTU after Driscoll resigns following her daughter's suicide."
S4,Ep13,14 Mar. 2005,Day 4: 7:00 p.m.-8:00 p.m.,8.3,"1,159",Jack and Paul enlist civilian help when they must fend off mercenaries from McLennan-Forster. Tony discovers that Michelle is taking over command of CTU. Marwan orders an underling to kill an Air Force pilot and his family and assume the pilot's identity.
S4,Ep14,21 Mar. 2005,Day 4: 8:00 p.m.-9:00 p.m.,8.1,"1,161",Jack and Dina's attempt to infiltrate one of Marwan's terrorist cells backfires on them. Michelle orders Chloe back to work when Edgar begins to crack due to emotional pressure. Paul is taken into surgery after getting shot. Anderson gains access to an airfield and gets closer to the stealth bomber.
S4,Ep15,28 Mar. 2005,Day 4: 9:00 p.m.-10:00 p.m.,7.9,"1,151","In order to buy more time for Anderson to close in on Air Force One, Marwan calls CTU and tells Michelle that he is willing to trade Jack for Behrooz. Bill Buchanan arrives at CTU and assumes command. Curtis interrogates Behrooz for more information on Marwan."
S4,Ep16,4 Apr. 2005,Day 4: 10:00 p.m.-11:00 p.m.,8.6,"1,208","CTU raids Marwan's headquarters, but somehow allow Marwan to slip through their fingers in the confusion. Jack learns that the trade-off was nothing more than another ruse. Jack tries to talk Anderson out of the mission, but it is too little, too late as far as Anderson is concerned."
S4,Ep17,11 Apr. 2005,Day 4: 11:00 p.m.-12:00 a.m.,8.4,"1,179","Jack's only hope of keeping the President's nuclear football (a briefcase containing the codes of America's nuclear facilities) out of Marwan's hands lies in two innocent campers who witnessed the crash of Air Force One. Meanwhile, Mike Novick wants to immediately have Presidential authority shifted over to Vice President Charles Logan."
S4,Ep18,18 Apr. 2005,Day 4: 12:00 a.m.-1:00 a.m.,8.0,"1,153","Jack discovers that Marwan's new objective is to find and activate a nuclear warhead after he realizes pages from ""the football"" are missing. Logan's presidency is not off to a good start when he starts showing signs of fear. CTU sends Curtis to intercept one of Marwan's subordinates, but a lawyer from Amnesty Global stalls the interrogation."
S4,Ep19,25 Apr. 2005,Day 4: 1:00 a.m.-2:00 a.m.,8.6,"1,204",Chloe is sent into the field for the first time to look into the report of a woman who claims her boyfriend is part of the conspiracy. Mike Novick calls in Former President David Palmer to assist President Logan. Jack's methods are questioned.
S4,Ep20,2 May 2005,Day 4: 2:00 a.m.-3:00 a.m.,8.8,"1,261","Palmer authorizes an extraction mission on the Chinese Embassy in L.A, to be led by Jack and Curtis. The intended target is injured during the raid, and the Chinese Consul is shot in friendly fire by his own people. Jack forces the doctors to stop working on Paul and help the suspect."
S4,Ep21,9 May 2005,Day 4: 3:00 a.m.-4:00 a.m.,8.3,"1,156","As Jack and Curtis close in on Marwan's location, Buchanan looks for an alibi when a Chinese representative investigates the raid on the embassy. Logan clashes with Palmer."
S4,Ep22,16 May 2005,Day 4: 4:00 a.m.-5:00 a.m.,8.4,"1,179",Jack fails to stop Marwan from launching the nuclear warhead. Richard Heller becomes a suspect again and James Heller leads the interrogation. Mandy takes Tony hostage after he checks up on Richard's information.
S4,Ep23,23 May 2005,Day 4: 5:00 a.m.-6:00 a.m.,8.8,"1,242","The Chinese representative kidnaps CTU Agent Howard Bern in an attempt to learn who led the raid on the embassy. Palmer and Logan may have to evacuate major U.S. cities in the hopes of preventing nuclear disaster, and Michelle tries to save Tony."
S4,Ep24,23 May 2005,Day 4: 6:00 a.m.-7:00 a.m.,9.0,"1,372",Jack must hunt down Habib Marwan and stop the nuclear bomb that is nearing its target which is Los Angeles. The Chinese demand Jack after Bern's confession and President Logan makes a hasty decision on how to handle the situation.
S5,Ep0,6 Dec. 2005,Season 5 Prequel,8.0,722,"A year following the events of Season 4, as disheveled-looking Jack Bauer is hiding out in Chicago. One day, Chloe comes to meet him, to impart distressing news."
S5,Ep1,15 Jan. 2006,Day 5: 7:00 a.m.-8:00 a.m.,9.1,"1,664","The Russian and US Presidents are set to sign an anti-terror treaty when assassinations rock Los Angeles, a call from a distressed Chloe forces Jack into action and President Logan's wife believes there may be a conspiracy."
S5,Ep2,15 Jan. 2006,Day 5: 8:00 a.m.-9:00 a.m.,8.7,"1,284",Evidence links Jack Bauer to a dastardly assassination; he goes rogue to clear his name while terrorists work below the radar.
S5,Ep3,16 Jan. 2006,Day 5: 9:00 a.m.-10:00 a.m.,8.6,"1,241",Jack hides in the Ontario airport where terrorists are making demands. The First Lady looks for evidence of a phone call from David Palmer the night before.
S5,Ep4,16 Jan. 2006,Day 5: 10:00 a.m.-11:00 a.m.,8.6,"1,254",Jack allows himself to be captured to save Derek. CTU must attack the airport terrorists before the treaty can be signed.
S5,Ep5,23 Jan. 2006,Day 5: 11:00 a.m.-12:00 p.m.,8.6,"1,224","Jack is in custody at CTU, in danger of assassination; the President won't believe his own wife; Curtis investigates canisters taken from the airport."
S5,Ep6,30 Jan. 2006,Day 5: 12:00 p.m.-1:00 p.m.,8.6,"1,229",Bauer goes to Mike Novick with evidence implicating the President's chief of staff. Nerve gas arrives at the port: is the danger to L.A. or elsewhere?
S5,Ep7,6 Feb. 2006,Day 5: 1:00 p.m.-2:00 p.m.,8.1,"1,209",President Logan reinstates Jack to CTU when he learns that the US - not Russia - is in danger. Jack captures and must negotiate with a scientist who helped Bierko open the nerve gas canisters. President Logan must decide how to handle revealing Walt's complicity to the public.
S5,Ep8,13 Feb. 2006,Day 5: 2:00 p.m.-3:00 p.m.,8.3,"1,192","Jack poses as a terrorist and hundreds of lives are at risk in a shopping mall. Meanwhile, the President must manage a high-profile suicide."
S5,Ep9,20 Feb. 2006,Day 5: 3:00 p.m.-4:00 p.m.,8.2,"1,188",Bierko contacts President Logan and demands information about the route of President Suvarov's motorcade. Jack races to protect a witness who helped supply Bierko the nerve gas cannisters before Bierko has him killed.
S5,Ep10,27 Feb. 2006,Day 5: 4:00 p.m.-5:00 p.m.,8.7,"1,199","The First Lady endangers her own life to save others while Jack heads to Omicron International to meet Christopher Henderson, a former colleague from CTU."
S5,Ep11,6 Mar. 2006,Day 5: 5:00 p.m.-6:00 p.m.,8.4,"1,203","As Jack tracks Henderson, CTU discovers that terrorists are planning to release nerve gas in a hospital while drama continues within the Presidency."
S5,Ep12,6 Mar. 2006,Day 5: 6:00 p.m.-7:00 p.m.,9.1,"1,404","A terrorist infiltrates CTU, Kim is reunited with her father, and the Vice President arrives to handle the crisis."
S5,Ep13,13 Mar. 2006,Day 5: 7:00 p.m.-8:00 p.m.,8.7,"1,319","While CTU itself deals with an attack, the Vice President tries to convince the President to declare martial law in Los Angeles."
S5,Ep14,20 Mar. 2006,Day 5: 8:00 p.m.-9:00 p.m.,8.3,"1,192",Homeland Security takes control of CTU. President Logan orders martial law. Wayne Palmer goes to meet with Aaron Pierce. Jack interferes with a German spy's undercover operation while searching for Bierko.
S5,Ep15,27 Mar. 2006,Day 5: 9:00 p.m.-10:00 p.m.,8.7,"1,210",Audrey faces custody and torture. Bierko moves nerve gas canisters to the Wilshire Gas Company. Aaron Pierce goes looking for Wayne Palmer.
S5,Ep16,3 Apr. 2006,Day 5: 10:00 p.m.-11:00 p.m.,8.6,"1,186",CTU makes Christopher Henderson their priority while dealing with the restructuring into Homeland Security. Jack and Wayne must save Evelyn Martin's daughter in order to get crucial information about the conspiracy.
S5,Ep17,10 Apr. 2006,Day 5: 11:00 p.m.-12:00 a.m.,8.5,"1,180",Jack and Wayne must retrieve a digital recording from a safety deposit box before Henderson's men get to it. President Logan starts to cover his tracks when he orders Homeland Security to issue an arrest warrant for Jack.
S5,Ep18,17 Apr. 2006,Day 5: 12:00 a.m.-1:00 a.m.,8.4,"1,163","Jack and Audrey show Secretary Heller the recording, but are shocked by the actions he decides to take in handling it. Karen Hayes works to cut off Jack's support inside CTU. Mike Novick begins to become suspicious of President Logan's actions."
S5,Ep19,24 Apr. 2006,Day 5: 1:00 a.m.-2:00 a.m.,8.4,"1,151","Jack and Buchanan work outside the chain of command by recruiting Curtis for help. Homeland Director, Karen Hayes, begins to see discrepancies in the President's actions and begins to suspect his motives."
S5,Ep20,1 May 2006,Day 5: 2:00 a.m.-3:00 a.m.,8.5,"1,165",Jack's search for the recording takes him to an airport in the Valley. Bill Buchanan helps covertly.
S5,Ep21,8 May 2006,Day 5: 3:00 a.m.-4:00 a.m.,8.5,"1,173","When President Logan realizes he is backed into a corner, he resorts to a drastic solution. While Karen becomes an ally in Jack's quest to expose Logan, Miles changes allegiances, and a villain from the past returns."
S5,Ep22,15 May 2006,Day 5: 4:00 a.m.-5:00 a.m.,8.2,"1,169","Vladimir Bierko manages to escape custody and take control of a submarine, the Natalia, bent on getting his revenge against the US. Jack reluctantly teams up with Henderson in hopes of getting a lead on Bierko, while Martha helps Aaron."
S5,Ep23,22 May 2006,Day 5: 5:00 a.m.-6:00 a.m.,8.7,"1,206",Jack Bauer teams up with Christopher Henderson to put an end to Vladimir Bierko's terrorism.
S5,Ep24,22 May 2006,Day 5: 6:00 a.m.-7:00 a.m.,9.1,"1,494",Jack Bauer works with Martha Logan to get a confession out of President Logan and an old antagonist returns to settle a score with Jack.
S6,Ep0,5 Dec. 2006,Season 6 Prequel,8.0,712,"After being handed over by the United States to the Chinese government, Jack Bauer is tortured."
S6,Ep1,14 Jan. 2007,Day 6: 6:00 a.m.-7:00 a.m.,8.3,"1,425",A new U.S. President has negotiated Jack's release from a Chinese prison so Jack can stop a series of terror attacks... with his life.
S6,Ep2,14 Jan. 2007,Day 6: 7:00 a.m.-8:00 a.m.,8.3,"1,252",Can Jack and an unlikely ally stop a suicide bomber and track the architect of these acts of terror?
S6,Ep3,15 Jan. 2007,Day 6: 8:00 a.m.-9:00 a.m.,8.0,"1,194","Jack and former terrorist leader turned peacemaker, Hamri Al-Assad, track a suspicious man to a self-storage facility."
S6,Ep4,15 Jan. 2007,Day 6: 9:00 a.m.-10:00 a.m.,8.9,"1,429","While Jack has problems with Curtis, CTU discovers a nuclear threat and raids a terrorist warehouse, and a shocking explosion shakes LA."
S6,Ep5,22 Jan. 2007,Day 6: 10:00 a.m.-11:00 a.m.,8.0,"1,197","Four more ""suitcase nukes"" are out there, and Jack's only lead takes him to the home of his brother."
S6,Ep6,29 Jan. 2007,Day 6: 11:00 a.m.-12:00 p.m.,7.8,"1,144",Jack finds himself confronting his father while the lead terrorist needs help if he's to explode the remaining bombs.
S6,Ep7,5 Feb. 2007,Day 6: 12:00 p.m.-1:00 p.m.,8.0,"1,137",Family troubles: Jack with his brother and father while Morris worries about his own brother.
S6,Ep8,12 Feb. 2007,Day 6: 1:00 p.m.-2:00 p.m.,8.0,"1,113","The President meets with a known terrorist, while Jack searches for Morris, Fayed seeks a trigger, and Tom Lennox makes a choice."
S6,Ep9,12 Feb. 2007,Day 6: 2:00 p.m.-3:00 p.m.,8.0,"1,104","Jack looks for a Russian national as his father plots with shadowy patriots. Meanwhile, the President and the Constitution may be in danger."
S6,Ep10,19 Feb. 2007,Day 6: 3:00 p.m.-4:00 p.m.,8.0,"1,121","While Jack looks for Gredenko and tries to save Josh, White House intrigue deepens."
S6,Ep11,26 Feb. 2007,Day 6: 4:00 p.m.-5:00 p.m.,7.9,"1,126","Jack's search takes him to the home of an old enemy, while a bomber slips into the White House."
S6,Ep12,5 Mar. 2007,Day 6: 5:00 p.m.-6:00 p.m.,8.0,"1,120","Jack's search takes him to the Russian Consulate, while the Vice President contemplates a sweeping executive order."
S6,Ep13,12 Mar. 2007,Day 6: 6:00 p.m.-7:00 p.m.,8.1,"1,121",The search for Gredenko finds Jack hunted inside the Russian Consulate and a former President calling on his ex-wife.
S6,Ep14,19 Mar. 2007,Day 6: 7:00 p.m.-8:00 p.m.,7.9,"1,110","CTU's satellite tracking system is compromised as a bomb-carrying drone heads toward an unknown city. Meanwhile, US forces prepare for a nuclear retaliation on the Middle East."
S6,Ep15,26 Mar. 2007,Day 6: 8:00 p.m.-9:00 p.m.,7.9,"1,112","Jack enlists the help of an autistic man in the search for Gredenko, and Sandra Palmer makes a fateful decision."
S6,Ep16,2 Apr. 2007,Day 6: 9:00 p.m.-10:00 p.m.,8.0,"1,122","Jack baits Fayed with Gredenko, while the President faces a challenge to his office."
S6,Ep17,9 Apr. 2007,Day 6: 10:00 p.m.-11:00 p.m.,8.7,"1,263","To find the remaining suitcase bombs, both Jack and the President set up bluffs."
S6,Ep18,16 Apr. 2007,Day 6: 11:00 p.m.-12:00 a.m.,7.8,"1,094","The Chinese want Jack to give them Russian nuclear technology, and the President wants the Vice President's resignation."
S6,Ep19,23 Apr. 2007,Day 6: 12:00 a.m.-1:00 a.m.,7.7,"1,090","Jack goes rogue to save a woman, and the White House needs a fall guy for Fayed's success."
S6,Ep20,30 Apr. 2007,Day 6: 1:00 a.m.-2:00 a.m.,7.7,"1,116","A missing computer circuit board: the Russians get wind of Chinese espionage, the White House must find a leak, and CTU interrogates an unlikely witness."
S6,Ep21,7 May 2007,Day 6: 2:00 a.m.-3:00 a.m.,8.1,"1,129","Russian ire worries the White House, while the Chinese take on CTU, and the damaged circuit board is in surprising hands."
S6,Ep22,14 May 2007,Day 6: 3:00 a.m.-4:00 a.m.,7.9,"1,095","Russia presses the White House, while Jack must try to thwart the Chinese and his oldest antagonist simultaneously."
S6,Ep23,21 May 2007,Day 6: 4:00 a.m.-5:00 a.m.,7.9,"1,136","In order to prevent a war with Russia, the White House orders a trade of Jack's nephew for the circuit board, and puts Jack in custody so he cannot stop the exchange."
S6,Ep24,21 May 2007,Day 6: 5:00 a.m.-6:00 a.m.,8.1,"1,309","Jack rushes toward his nephew and his oldest antagonist, as a Chinese sub and F-18s race for the same destination. Chloe faints. Can Jack find any peace?"
S7,Ep1,11 Jan. 2009,Day 7: 8:00 a.m.-9:00 a.m.,8.2,"1,392","The FBI pulls Jack Bauer from a Senate hearing because an old pal of Jack's may be planning terror, while the President calls for military action in Africa."
S7,Ep2,11 Jan. 2009,Day 7: 9:00 a.m.-10:00 a.m.,8.1,"1,170",A device that overrides the nation's homeland systems falls into enemy hands while the President's husband investigates his son's recent death.
S7,Ep3,12 Jan. 2009,Day 7: 10:00 a.m.-11:00 a.m.,8.7,"1,192","Conspiracy may be deep within the President's administration, her dead son may not have killed himself, and a colleague Jack thought was dead has turned terrorist: how are these surprises related?"
S7,Ep4,12 Jan. 2009,Day 7: 11:00 a.m.-12:00 p.m.,8.1,"1,139","Bauer decides to trust two former CTU colleagues, and he helps a third escape from the FBI."
S7,Ep5,19 Jan. 2009,Day 7: 12:00 p.m.-1:00 p.m.,8.1,"1,119",Jack helps terrorists kidnap a deposed prime minister while an FBI agent and the President's spouse are in grave danger.
S7,Ep6,26 Jan. 2009,Day 7: 1:00 p.m.-2:00 p.m.,8.1,"1,076","The President defies murderous demands, while Jack and his CTU colleagues unearth an FBI Agent and plant a wire on a deposed Prime Minister. Who's in the conspiracy?"
S7,Ep7,2 Feb. 2009,Day 7: 2:00 p.m.-3:00 p.m.,8.1,"1,079",Jack and his patchwork team race to prevent an act of terror against a chemical plant; the President's husband and an African Prime Minister remain in danger.
S7,Ep8,9 Feb. 2009,Day 7: 3:00 p.m.-4:00 p.m.,8.2,"1,058",Jack and an FBI agent believed dead have less than an hour to rescue the First Gentleman from certain death. Can they trust anyone?
S7,Ep9,16 Feb. 2009,Day 7: 4:00 p.m.-5:00 p.m.,8.1,"1,064",The President rushes to the hospital as Dubaku plans an escape to Belize with Marika. The mole at the FBI keeps burrowing.
S7,Ep10,23 Feb. 2009,Day 7: 5:00 p.m.-6:00 p.m.,8.4,"1,081",Moles within the U.S. government go to great lengths to protect their anonymity when they fear that Dubaku's list of corrupt employees will fall into FBI hands.
S7,Ep11,2 Mar. 2009,Day 7: 6:00 p.m.-7:00 p.m.,8.1,"1,079","Intelligence suggests another attack is imminent, so Jack goes to the White House to interrogate a Senator's Chief of Staff."
S7,Ep12,2 Mar. 2009,Day 7: 7:00 p.m.-8:00 p.m.,8.8,"1,211","General Juma's direct attack on the White House endangers the President, Jack, Bill Buchanan, and the President's daughter."
S7,Ep13,9 Mar. 2009,Day 7: 8:00 p.m.-9:00 p.m.,8.6,"1,108","While the President is in danger and the Vice President vacillates, Jack and Bill try to counter Juma, realizing later that his plot is part of a larger threat."
S7,Ep14,16 Mar. 2009,Day 7: 9:00 p.m.-10:00 p.m.,8.4,"1,068","Jack visits a U.S. Senator in pursuit of links between Juma and Starkwood, an international corporation. Security leaks at the FBI continue as they hunt for Jack."
S7,Ep15,23 Mar. 2009,Day 7: 10:00 p.m.-11:00 p.m.,8.1,"1,037","While the FBI hunts for Jack, he and another ex-CTU rogue search for biological weapons that Starkwood has smuggled into the U.S."
S7,Ep16,30 Mar. 2009,Day 7: 11:00 p.m.-12:00 a.m.,8.1,"1,041","After Jack is exposed to a biological agent, Moss leads an FBI strike force onto the Starkwood compound in search of weapons of mass destruction."
S7,Ep17,6 Apr. 2009,Day 7: 12:00 a.m.-1:00 a.m.,8.0,"1,029","Jack battles the effects of toxic exposure, a reporter squeezes the President's Chief of Staff, and it is a race against time to locate weapons on the Starkwood compound."
S7,Ep18,13 Apr. 2009,Day 7: 1:00 a.m.-2:00 a.m.,8.4,"1,092",The President meets with Jonas Hodges while Jack battles toxins in his body and works with someone inside the Starkwood compound: can they destroy the bio-weapons before rockets rain death on U.S. cities?
S7,Ep19,20 Apr. 2009,Day 7: 2:00 a.m.-3:00 a.m.,8.1,"1,035","As grief and loss begin to overwhelm Jack and those he is close to, a double-cross goes undetected, a canister of toxic gas is in enemy hands, and a surprise death occurs."
S7,Ep20,27 Apr. 2009,Day 7: 3:00 a.m.-4:00 a.m.,7.9,"1,053","A shadowy group of powerful people decide to stage another attack as Jack rues trusting the wrong person, Jonas seeks asylum, and the CTU servers boot up."
S7,Ep21,4 May 2009,Day 7: 4:00 a.m.-5:00 a.m.,7.7,"1,031","Olivia wants revenge against Jonas, while Jack, Chloe, Janis, and Renee try to locate a young Arab who is being set up to take the fall for a new terrorist attack."
S7,Ep22,11 May 2009,Day 7: 5:00 a.m.-6:00 a.m.,8.0,"1,046","Jack and Renee pursue the final canister, which is on the Metro, ready to explode. Chloe and Janis match wits. Kim sits at the airport about to fly home, while a cover up begins at the White House."
S7,Ep23,18 May 2009,Day 7: 6:00 a.m.-7:00 a.m.,8.3,"1,068","Jack is abducted for nefarious purposes, Kim sits in danger at the airport, and Olivia matches wits with Ethan Kanin."
S7,Ep24,18 May 2009,Day 7: 7:00 a.m.-8:00 a.m.,8.5,"1,236","Jack seeks solace from a hospital bed, a shadowy traitor comes into the open, and President Taylor, Renee Walker, and Kim Bauer each have a decision to make."
S8,Ep1,17 Jan. 2010,Day 8: 4:00 p.m.-5:00 p.m.,8.0,"1,362",A plot to assassinate the President of the Islamic Republic at the UN building comes to Jack Bauer's attention.
S8,Ep2,17 Jan. 2010,Day 8: 5:00 p.m.-6:00 p.m.,7.8,"1,124","CTU detains a reporter it suspects of helping assassins, while Jack and Chloe start their own investigation."
S8,Ep3,18 Jan. 2010,Day 8: 6:00 p.m.-7:00 p.m.,8.0,"1,083",Jack and Chloe race against time to try to thwart a well-planned assassination of the President of the Islamic Republic.
S8,Ep4,18 Jan. 2010,Day 8: 7:00 p.m.-8:00 p.m.,8.0,"1,080","CTU wants ex-FBI agent, Renee Walker, to infiltrate a Russian gang which is selling weapons-grade enriched uranium to the assassination plotters."
S8,Ep5,25 Jan. 2010,Day 8: 8:00 p.m.-9:00 p.m.,7.7,"1,067","The Russians mistrust Renee, U.S.-Kamistan negotiations hit a snag, and the past of CTU analyst Dana Walsh becomes her nightmare."
S8,Ep6,1 Feb. 2010,Day 8: 9:00 p.m.-10:00 p.m.,7.7,"1,047","Jack is set up, Renee makes a sacrifice, and Dana sends her ex into a police warehouse. Meanwhile, an arms trader deals with his sons, and the President buys time."
S8,Ep7,8 Feb. 2010,Day 8: 10:00 p.m.-11:00 p.m.,7.8,"1,025","President Hassan's actions become paranoid and Dana's ex faces capture, while Renee and Jack kick open a hornet's nest among New York's Russian underworld."
S8,Ep8,15 Feb. 2010,Day 8: 11:00 p.m.-12:00 a.m.,7.9,"1,005","While nuclear materials are en route to Kamistanis attempting a coup, Kayla confronts her father, Dana makes a decision, and Jack endures torture."
S8,Ep9,22 Feb. 2010,Day 8: 12:00 a.m.-1:00 a.m.,7.6,"1,029","The White House wants a fall guy, Jack tries to protect that person, Dana goes after her ex, Cole follows her, and CTU gets help from an unlikely source."
S8,Ep10,1 Mar. 2010,Day 8: 1:00 a.m.-2:00 a.m.,7.7,"1,008","President Taylor asks for President Hassan's help, Kayla goes missing, a New Jersey swamp claims two bodies, and Jack sets up a ruse to flush out Kamistani rebels."
S8,Ep11,8 Mar. 2010,Day 8: 2:00 a.m.-3:00 a.m.,8.0,"1,019","A mother wants to save her son, an estranged couple reconnects to look for their daughter, and Jack races against the clock to dissuade a suicide bomber."
S8,Ep12,15 Mar. 2010,Day 8: 3:00 a.m.-4:00 a.m.,8.4,"1,056","Nuclear fuel rods await transport into Manhattan, Jack pursues a lead to a hotel, Kayla is in danger, and a Southern probation officer wants information from Dana."
S8,Ep13,22 Mar. 2010,Day 8: 4:00 a.m.-5:00 a.m.,8.0,"1,013","Chloe goes up against NSA testosterone, Jack and Cole are in a firefight as the nuclear fuel rods are en route to Manhattan, and an evacuation from the UN is imminent."
S8,Ep14,29 Mar. 2010,Day 8: 5:00 a.m.-6:00 a.m.,8.0,996,"Kamistani rebels give President Taylor an hour to turn over Hassan, sedition strikes Taylor's administration, CTU harbors a traitor, and Jack walks into an ambush."
S8,Ep15,5 Apr. 2010,Day 8: 6:00 a.m.-7:00 a.m.,8.3,"1,001","As dawn breaks over New York, President Taylor endures a game-changing setback as the threat of mass destruction looms. Meanwhile, President Hassan makes a shocking decision that surprises his loved ones. But before long, trusted confidantes will become enemies of the state, and it's only the beginning of the betrayals that are to come as the race against time ticks on."
S8,Ep16,5 Apr. 2010,Day 8: 7:00 a.m.-8:00 a.m.,8.8,"1,126","A traitor makes a deal for immunity, while Jack and Renee race uptown to rescue a hostage."
S8,Ep17,12 Apr. 2010,Day 8: 8:00 a.m.-9:00 a.m.,8.5,"1,094","President Taylor requests a woman's help and brings in a disgraced ex-President who may have leverage with the Russians, while Jack and Renee take their leave of CTU, and Chloe gets a promotion."
S8,Ep18,19 Apr. 2010,Day 8: 9:00 a.m.-10:00 a.m.,8.2,"1,027","President Taylor's envoy to the Russians persuades them to return to the peace table, but at what cost? Jack goes to CTU to interrogate a nearly-forgotten traitor, and the President decides to talk to Jack there."
S8,Ep19,26 Apr. 2010,Day 8: 10:00 a.m.-11:00 a.m.,7.9,"1,024","President Taylor faces impossible choices, and, much to the dismay of CTU, she enlists a private security firm to complete a sensitive task led by Mark Bledsoe. Meanwhile, Jack calls in a favor to his old friend Rick Vickers before embarking on a crucial mission of his own."
S8,Ep20,3 May 2010,Day 8: 11:00 a.m.-12:00 p.m.,8.5,"1,056","While the media interview the peace delegates, Jack and Cole have gone rogue to rescue a traitor being tortured by off-the-grid operatives; Logan gets President Taylor to approve putting his aide in charge of the manhunt."
S8,Ep21,10 May 2010,Day 8: 12:00 p.m.-1:00 p.m.,8.7,"1,100","While delegates review the peace agreement, Jack searches for evidence of Russian involvement in the day's tragedies, covered up at the highest levels. Ex-President Logan is desperate to neutralize Jack."
S8,Ep22,17 May 2010,Day 8: 1:00 p.m.-2:00 p.m.,8.9,"1,239","Jack's rogue operation includes kidnapping a high-profile target. Pools of blood, a knife wound, and Chloe's mistrust of her new supervisor add texture, while President Taylor feels the loneliness of power."
S8,Ep23,24 May 2010,Day 8: 2:00 p.m.-3:00 p.m.,8.8,"1,154","The Russian Federation President arrives to sign the accord, Jack wants justice, and Logan stays in pursuit. Meanwhile, Dalia has a realization, President Taylor rattles her sabers, and Chloe tests her mettle."
S8,Ep24,24 May 2010,Day 8: 3:00 p.m.-4:00 p.m.,9.0,"1,662","Heads of state gather at the UN to sign the accord, three at CTU make a final effort to expose a conspiracy, Logan and Pillar tie up loose ends, and justice may elude Jack."
